2026,Anatomy and Physiology,Boomilever,Circuit Lab,Codebusters,Crime Busters,Disease Detectives,Dynamic Planet,Entomology,Experimental Design,Helicopter,Heredity,Hovercraft,Machines,Meteorology,Metric Mastery,Mission Possible,Potions and Poisons,Remote Sensing,Rocks and Minerals,Scrambler,Solar System,Water Quality,Write It Do It
2025,Air Trajectory,Anatomy and Physiology,Codebusters,Crime Busters,Disease Detectives,Dynamic Planet,Ecology,Entomology,Experimental Design,Fossils,Helicopter,Meteorology,Metric Mastery,Microbe Mission,Mission Possible,Optics,Potions and Poisons,Reach for the Stars,Road Scholar,Scrambler,Tower,Wind Power,Write It Do It
2024,Air Trajectory,Anatomy and Physiology,Can't Judge a Powder,Codebusters,Crime Busters,Disease Detectives,Dynamic Planet,Ecology,Experimental Design,Fast Facts,Flight,Forestry,Fossils,Meteorology,Microbe Mission,Optics,Reach for the Stars,Road Scholar,Roller Coaster,Tower,Wheeled Vehicle,Wind Power,Write It Do It
2023,Anatomy and Physiology,Bio Process Lab,Bridge,Can't Judge a Powder,Codebusters,Crave the Wave,Crime Busters,Disease Detectives,Dynamic Planet,Experimental Design,Fast Facts,Flight,Forestry,Green Generation,Meteorology,Road Scholar,Rocks and Minerals,Roller Coaster,Solar System,Sounds of Music,Storm the Castle,Wheeled Vehicle,Write It Do It
2022,Anatomy and Physiology,Bio Process Lab,Bridge,Codebusters,Crave the Wave,Crime Busters,Disease Detectives,Dynamic Planet,Electric Wright Stuff,Experimental Design,Food Science,Green Generation,Meteorology,Mission Possible,Mousetrap Vehicle,Ornithology,Ping Pong Parachute,Road Scholar,Rocks and Minerals,Solar System,Sounds of Music,Storm the Castle,Write It Do It
2021,Anatomy and Physiology,Boomilever,Circuit Lab,Crime Busters,Density Lab,Disease Detectives,Dynamic Planet,Elastic Launched Glider,Experimental Design,Food Science,Fossils,Game On,Heredity,Machines,Meteorology,Mission Possible,Mousetrap Vehicle,Ornithology,Ping Pong Parachute,Reach for the Stars,Road Scholar,Water Quality,Write It Do It
2020,Anatomy and Physiology,Boomilever,Circuit Lab,Crime Busters,Density Lab,Disease Detectives,Dynamic Planet,Elastic Launched Glider,Experimental Design,Food Science,Fossils,Game On,Heredity,Machines,Meteorology,Mission Possible,Mousetrap Vehicle,Ornithology,Ping Pong Parachute,Reach for the Stars,Road Scholar,Water Quality,Write It Do It
2019,Anatomy and Physiology,Battery Buggy,Boomilever,Circuit Lab,Crime Busters,Density Lab,Disease Detectives,Dynamic Planet,Elastic Launched Glider,Experimental Design,Fossils,Game On,Heredity,Herpetology,Meteorology,Mystery Architecture,Potions and Poisons,Road Scholar,Roller Coaster,Solar System,Thermodynamics,Water Quality,Write It Do It
2018,Anatomy and Physiology,Battery Buggy,Crime Busters,Disease Detectives,Dynamic Planet,Ecology,Experimental Design,Fast Facts,Herpetology,Hovercraft,Meteorology,Microbe Mission,Mystery Architecture,Optics,Potions and Poisons,Road Scholar,Rocks and Minerals,Roller Coaster,Solar System,Thermodynamics,Towers,Wright Stuff,Write It Do It
2017,Anatomy and Physiology,Bottle Rocket,Crime Busters,Disease Detectives,Dynamic Planet,Ecology,Experimental Design,Fast Facts,Food Science,Hovercraft,Invasive Species,Meteorology,Microbe Mission,Mission Possible,Optics,Reach for the Stars,Road Scholar,Rocks and Minerals,Scrambler,Towers,Wind Power,Wright Stuff,Write It Do It
2016,Air Trajectory,Anatomy and Physiology,Bio Process Lab,Bottle Rocket,Bridge Building,Crave the Wave,Crime Busters,Disease Detectives,Dynamic Planet,Elastic Launched Glider,Experimental Design,Food Science,Fossils,Green Generation,Invasive Species,Meteorology,Mission Possible,Picture This,Reach for the Stars,Road Scholar,Scrambler,Wind Power,Write It Do It
2015,Air Trajectory,Anatomy and Physiology,Bio Process Lab,Bottle Rocket,Bridge Building,Can't Judge a Powder,Crave the Wave,Crime Busters,Disease Detectives,Dynamic Planet,Elastic Launched Glider,Entomology,Experimental Design,Fossils,Green Generation,Meteorology,Picture This,Road Scholar,Robo-Cross,Simple Machines,Solar System,Wheeled Vehicle,Write It Do It
2014,Anatomy,Boomilever,Can't Judge a Powder,Crime Busters,Disease Detectives,Dynamic Planet,Entomology,Experimental Design,Helicopters,Heredity,Meteorology,Metric Mastery,Road Scholar,Robo-Cross,Rocks and Minerals,Rotor Egg Drop,Shock Value,Simple Machines,Solar System,Sounds of Music,Water Quality,Wheeled Vehicle,Write It Do It
2013,Anatomy,Boomilever,Crime Busters,Disease Detectives,Dynamic Planet,Experimental Design,Food Science,Forestry,Helicopters,Heredity,Keep the Heat,Meteorology,Metric Mastery,Mission Possible,Mousetrap Vehicle,Reach for the Stars,Road Scholar,Rocks and Minerals,Rotor Egg Drop,Shock Value,Sounds of Music,Water Quality,Write It Do It
2012,Anatomy,Awesome Aquifers,Bottle Rocket,Compute This,Crime Busters,Disease Detectives,Dynamic Planet,Experimental Design,Food Science,Forestry,Keep the Heat,Meteorology,Microbe Mission,Mission Possible,Mousetrap Vehicle,Optics,Reach for the Stars,Road Scholar,Rocks and Minerals,Storm the Castle,Towers,Water Quality,Write It Do It
2011,Anatomy,Awesome Aquifers,Battery Buggy,Bottle Rocket,Can't Judge a Powder,Compute This,Crime Busters,Disease Detectives,Dynamic Planet,Ecology,Experimental Design,Fossils,Junkyard Challenge,Meteorology,Microbe Mission,Optics,Ornithology,Road Scholar,Shock Value,Storm the Castle,Solar System,Towers,Write It Do It
2010,Anatomy,Battery Buggy,Bio Process Lab,Can't Judge a Powder,Compute This,Disease Detectives,Dynamic Planet,Ecology,Elevated Bridge,Experimental Design,Fossils,Junkyard Challenge,Meteorology,Ornithology,Pentathlon,Physical Science Lab,Road Scholar,Science Crime Busters,Shock Value,Solar System,Trajectory,Wright Stuff,Write It Do It
2009,Amphibians and Reptiles,Anatomy,Bio Process Lab,Compute This,Crave the Wave,Disease Detectives,Dynamic Planet,Ecology,Elevated Bridge,Environmental Chemistry,Experimental Design,Fossils,Meteorology,Pentathlon,Physical Science Lab,Reach for the Stars,Road Scholar,Robo-Cross,Science Crime Busters,Scrambler,Trajectory,Wright Stuff,Write It Do It
2008,Amphibians and Reptiles,Anatomy,Balloon Launch Glider,Bio Process Lab,Crave the Wave,Disease Detectives,Ecology,Food Science,Meteorology,Metric Mastery,Mystery Architecture,Oceanography,Reach for the Stars,Road Scholar,Robo-Cross,Rocks and Minerals,Science Crime Busters,Science Word,Scrambler,Simple Machines,Tower Building,Trajectory,Write It Do It
2007,Anatomy,Awesome Aquifer,Balloon Launch Glider,Balloon Race,Disease Detectives,Don't Bug Me,Ecology,Food Science,Heredity,Meteorology,Metric Mastery,Mission Possible,Oceanography,Road Scholar,Rocks and Minerals,Science Crime Busters,Science Word,Simple Machines,Storm the Castle,The Solar System,Tower Building,Wheeled Vehicle,Write It Do It
2006,Awesome Aquifer,Balloon Race,Bottle Rocket,Bridge Building,Can't Judge a Powder,Compute This,Disease Detectives,Don't Bug Me,Dynamic Planet,Experimental Design,Food Science,Heredity,Meteorology,Mission Possible,Mystery Architecture,Road Scholar,Rocks and Minerals,Science Of Fitness,The Solar System,Sounds of Music,Storm The Castle,Water Quality,Wheeled Vehicle
2005,Awesome Aquifer,Bottle Rocket,Bridge Building,Can't Judge a Powder,Compute This,Dynamic Planet,Experimental Design,Forestry,Fossils,Meteorology,Mission Possible,Naked Egg Drop,Process Skills in Life Science,Reach for the Stars,Road Scholar,Robo-Billiards,Science Crime Busters,Science of Fitness,Sounds of Music,Storm the Castle,Water Quality,Wright Stuff,Write It Do It
2004,Bottle Rocket,Bridge Building,Can't Judge a Powder,Dynamic Planet,Experimental Design,Forestry,Fossils,Meteorology,Metric Estimation,Mission Possible,Naked Egg Drop,Picture This,Process Skills in Life Science,Reach for the Stars,Road Scholar,Robo-Billiards,Science Crime Busters,Science of Fitness,Storm the Castle,Water Quality,Wheeled Vehicle,Wright Stuff,Write It Do It
2003,Balloon Race,Bottle Rocket,Bridge Building,Can't Judge a Powder,Dynamic Planet,Egg Drop,Experimental Design,Feathered Frenzy,Fossils,Life Science Process Lab,Meteorology,Metric Estimation,Mission Possible,Mystery Architecture,Picture This,Reach for the Stars,Road Scholar,Robo-Billiards,Science Crime Busters,Science of Fitness,Water Quality,Wright Stuff,Write It Do It
2002,Balloon Race,Battery Buggy,Bottle Rocket,Bridge Building,Can't Judge a Powder,Dynamic Planet,Egg Drop,Experimental Design,Feathered Frenzy,Life Science Process Lab,Metric Estimation,Mission Possible,Mystery Architecture,Pentathlon,Reach for the Stars,Road Scholar,Rocks and Minerals,Science Crime Busters,Science of Fitness,Water Quality,Weather or Not,Wright Stuff,Write It Do It
2001,Amphibians and Reptiles,Battery Buggy,Bottle Rocket,Bridge Building,Can't Judge a Powder,Dynamic Planet,Egg Drop,Experimental Design,Get Your Bearing,Life Science Process Lab,Metric Estimation,Mission Possible,Mystery Architecture,Physical Science Lab,Reach for the Stars,Road Scholar,Rocks and Minerals,Science Crime Busters,Science of Fitness,Using the Web,Water Quality,Wright Stuff,Write It Do It
2000,Amphibians and Reptiles,Battery Buggy,Bio-Process Lab,Bottle Rocket,Bridge Building,Dynamic Planet,Experimental Design,Metric Mastery,Mission Possible,Mystery Architecture,Nature Quest,Pentathlon,Physical Science Lab,Reach for the Stars,Road Scholar,Rocks and Minerals,Science Crime Busters,Science of Fitness,Trajectory,Water Quality,Water Strider,Wright Stuff,Write It Do It
1999,Battery Buggy,Bio-Process Lab,Bottle Rocket,Don't Bug Me,"Earth, Sea, and Sky",Experimental Design,Fossils,Mission Possible,Mystery Architecture,Naked Egg Drop,Nature Quest,Pentathlon,Physical Science Lab,Propeller Propulsion,Reach for the Stars,Road Scholar,Science Crime Busters,Science of Fitness,Surfing the Net,Trajectory,Water Quality,What Are You Trying To Tell Me,Write It Do It
1998,Bio-Process Lab,Bottle Rocket,Bridge Building,Don't Bug Me,"Earth, Sea, and Sky",Egg Drop,Experimental Design,Fossils,Mission Possible,Naked Egg Drop,Nature Quest,Pentathlon,Physical Science Lab,Propeller Propulsion,Road Scholar,Science Crime Busters,Science of Fitness,Surfing the Net,Trajectory,Water Quality,What Are You Trying To Tell Me,Wheeled Vehicle,Write It Do It
1997,Aerodynamics,Bio-Process Lab,Bottle Rocket,Earth Science Lab,Egg Drop,Experimental Design,Fossils,Mission Possible,Nature Quest,Pentathlon,Periodic Table Quiz,Propeller Propulsion,Road Scholar,Science Crime Busters,Science of Fitness,Simple Machines,Surfing the Net,Tower Building,Tree-mendous,Water Quality,What Are You Trying To Tell Me,Wheeled Vehicle,Write It Do It
1996,Aerodynamics,Astronomy,Bio-Process Lab,Bottle Rocket,Earth Science Lab,Egg Drop,Experimental Design,Metric Mastery,Mission Possible,Nature Quest,Pentathlon,Periodic Table Quiz,Road Scholar,"Rocks, Minerals, and Fossils",Science Crime Busters,Science of Fitness,Simple Machines,Tower Building,Trajectory,Tree-mendous,Water Quality,Wheeled Vehicle,Write It Do It
1995,Aerodynamics,Amphibians and Reptiles,Bio-Process Lab,Earth Science Processes,Egg Drop,Experimental Design,Keep the Heat,Metric Mastery,Mission Possible,Mousetrap Vehicle,Nature Quest,Out of This World,Pentathlon,Process Skills in Life Science,Road Scholar,"Rocks, Minerals, and Fossils",Science Crime Busters,Simple Machines,Tower Building,Trajectory,Water Quality,What Are You Trying To Tell Me,Write It Do It
1994,Aerodynamics,Amphibians and Reptiles,Bio-Process Lab,Bridge Building,Earth Science Processes,Egg Drop,Keep the Heat,Metric Mastery,Mousetrap Vehicle,Name That Organism,Nature Quest,Pentathlon,Picture This,Road Scholar,Rocks and Fossils,Rube Goldberg Machine,Science Crime Busters,Simple Machines,Trajectory,Water Quality,Weather Or Not,What Are You Trying To Tell Me,Write It Do It
1993,A is for Anatomy,Aerodynamics,Astronomy,Bio-Process Lab,Bridge Building,Don't Bug Me,Egg Drop,Get Your Bearing,Keep the Heat,Measurement,Metric Estimation,Mousetrap Vehicle,Name That Organism,Pentathlon,Picture This,Road Rally,Rocks and Fossils,Science Crime Busters,Simple Machines,Sounds of Music,Trajectory,Weather Or Not,Write It Do It
1992,A is for Anatomy,Aerodynamics,Astronomy,Bio-Process Lab,Bridge Building,Don't Bug Me,Egg Drop,Get Your Bearing,Keep the Heat,Measurement,Metric Estimation,Mousetrap Vehicle,Pentathlon,Picture This,Road Rally,Rocks and Fossils,Science Bowl,Science Crime Busters,Simple Machines,Sounds of Music,Trajectory,Weather Or Not,Write It Do It
1991,A is for Anatomy,Aerodynamics,Astronomy,Bridge Building,Computer Programming,Don't Bug Me,Egg Drop,Get Your Bearing,Hot House,Measurement,Metric Estimation,Mousetrap Vehicle,Pentathlon,Picture This,Road Rally,Rocks and Fossils,Science Bowl,Science Crime Busters,Sounds of Music,Trajectory,Water Quality,Weather Or Not,Write It Do It
1990,A is for Anatomy,Aerodynamics,Astronomy,Balloon Race,Bridge Building,Computer Programming,Egg Drop,Get Your Bearing,Hot House,Measurement,Metric Estimation,Mousetrap Vehicle,Pentathlon,Picture This,Rocks and Fossils,Science Bowl,Science Crime Busters,Sounds of Music,Topographic Map Reading,Tree Identification,"Water, Water Everywhere",Weather Or Not,Write It Do It
1989,A is for Anatomy,Aerodynamics,Astronomy,Balloon Race,Bridge Building,Computer Programming,Egg Drop,Get Your Bearing,Hot House,Measurement,Metric Estimation,Mousetrap Vehicle,Mystery Substance,Pentathlon,Picture This,Rocks and Fossils,Science Bowl,Sounds of Music,Topographic Map Reading,Tree Identification,"Water, Water Everywhere",Weather Or Not,Write It Do It
1988,A is for Anatomy,Aerodynamics,Balloon Race,Computer Programming,Hot House,Measurement,Metric Estimation,Mousetrap Vehicle,Mystery Substance,Naked Egg Drop,Orienteering,Paper Airplane,Password,Pentathlon,Periodic Table Quiz,Rocks and Fossils,Science Bowl,Topographic Map Reading,Trajectory,Tree Identification,"Up, Up, and Away","Water, Water Everywhere",Weather Or Not
1987,Aerodynamics,Anatomy and Physiology,Balloon Race,Computer Programming,Energy Contest,Measurement,Metric Estimation,Mystery Substance,Naked Egg Drop,Name That Organism,Orienteering,Paper Airplane,Password,Pentathlon,Periodic Table Quiz,Rocks to Riches,Science Bowl,Topographic Map Reading,Trajectory,Tree Identification,"Up, Up, and Away","Water, Water Everywhere",Weather Or Not
1986,Aerodynamics,Anatomy and Physiology,Computer Programming,Egg Drop,Energy Contest,Measurement,Metric Estimation,Mystery Substance,Name That Artifact,Name That Organism,Orienteering,Paper Airplane,Password,Pentathlon,Periodic Table Quiz,Rocks to Riches,Science Bowl,Science Search,Topographic Map Reading,Trajectory,"Up, Up, and Away","Water, Water Everywhere",Weather Or Not
1985,Aerodynamics,Anatomy and Physiology,Computer Programming,Egg Drop,Energy Contest,Facts in Five,Map Reading,Metric Estimation,Name That Artifact,Name That Organism,Orienteering,Paper Airplane,Password,Pentathlon,Periodic Table Quiz,Rocks to Riches,Science Bowl,Science Search,Solar Heating Contest,Trajectory,"Up, Up, and Away","Water, Water Everywhere",Weather Or Not
1984,Anatomy and Physiology,Computer Programming,Egg Drop,Map Reading,Metric Estimation,Name That Artifact,Name That Organism,Orienteering,Password,Pentathlon,Periodic Table Quiz,Rocks to Riches,Science Bowl,Science Search,Seven Up,Solar Collector,Trajectory Contest,"Up, Up, and Away",,,,,