2026,Anatomy and Physiology,Astronomy,Boomilever,Bungee Drop,Chemistry Lab,Circuit Lab,Codebusters,Designer Genes,Disease Detectives,Dynamic Planet,Electric Vehicle,Engineering CAD,Entomology,Experimental Design,Forensics,Helicopter,Hovercraft,Machines,Materials Science,Remote Sensing,Robot Tour,Rocks and Minerals,Water Quality,
2025,Air Trajectory,Anatomy and Physiology,Astronomy,Bungee Drop,Chemistry Lab,Codebusters,Disease Detectives,Dynamic Planet,Ecology,Electric Vehicle,Entomology,Experimental Design,Forensics,Fossils,Geologic Mapping,Helicopter,Materials Science,Microbe Mission,Optics,Robot Tour,Tower,Wind Power,Write It Do It,
2024,Air Trajectory,Anatomy and Physiology,Astronomy,Chemistry Lab,Codebusters,Detector Building,Disease Detectives,Dynamic Planet,Ecology,Experimental Design,Fermi Questions,Flight,Forensics,Forestry,Fossils,Geologic Mapping,Microbe Mission,Optics,Robot Tour,Scrambler,Tower,Wind Power,Write It Do It,
2023,Anatomy and Physiology,Astronomy,Bridge,Cell Biology,Chemistry Lab,Codebusters,Detector Building,Disease Detectives,Dynamic Planet,Environmental Chemistry,Experimental Design,Fermi Questions,Flight,Forensics,Forestry,Green Generation,It's About Time,Remote Sensing,Rocks and Minerals,Scrambler,Trajectory,WiFi Lab,Write It Do It,
2022,Anatomy and Physiology,Astronomy,Bridge,Cell Biology,Chemistry Lab,Codebusters,Detector Building,Disease Detectives,Dynamic Planet,Environmental Chemistry,Experimental Design,Forensics,Gravity Vehicle,Green Generation,It's About Time,Ornithology,Ping Pong Parachute,Remote Sensing,Rocks and Minerals,Trajectory,WiFi Lab,Wright Stuff,Write It Do It,
2021,Anatomy and Physiology,Astronomy,Boomilever,Chemistry Lab,Circuit Lab,Codebusters,Designer Genes,Detector Building,Disease Detectives,Dynamic Planet,Experimental Design,Forensics,Fossils,Geologic Mapping,Gravity Vehicle,Machines,Ornithology,Ping Pong Parachute,Protein Modeling,Sounds of Music,Water Quality,Wright Stuff,Write It Do It,
2020,Anatomy and Physiology,Astronomy,Boomilever,Chemistry Lab,Circuit Lab,Codebusters,Designer Genes,Detector Building,Disease Detectives,Dynamic Planet,Experimental Design,Forensics,Fossils,Geologic Mapping,Gravity Vehicle,Machines,Ornithology,Ping Pong Parachute,Protein Modeling,Sounds of Music,Water Quality,Wright Stuff,Write It Do It,
2019,Anatomy and Physiology,Astronomy,Boomilever,Chemistry Lab,Circuit Lab,Codebusters,Designer Genes,Disease Detectives,Dynamic Planet,Experimental Design,Fermi Questions,Forensics,Fossils,Geologic Mapping,Herpetology,Mission Possible,Mousetrap Vehicle,Protein Modeling,Sounds of Music,Thermodynamics,Water Quality,Wright Stuff,Write It Do It,
2018,Anatomy and Physiology,Astronomy,Chemistry Lab,Disease Detectives,Dynamic Planet,Ecology,Experimental Design,Fermi Questions,Forensics,Game On,Helicopters,Herpetology,Hovercraft,Materials Science,Microbe Mission,Mission Possible,Mousetrap Vehicle,Optics,Remote Sensing,Rocks and Minerals,Thermodynamics,Towers,Write It Do It,
2017,Anatomy and Physiology,Astronomy,Chemistry Lab,Disease Detectives,Dynamic Planet,Ecology,Electric Vehicle,Experimental Design,Forensics,Game On,Helicopters,Hovercraft,Hydrogeology,Invasive Species,Materials Science,Microbe Mission,Optics,Remote Sensing,Robot Arm,Rocks and Minerals,Towers,Wind Power,Write It Do It,
2016,Air Trajectory,Anatomy and Physiology,Astronomy,Bridge Building,Cell Biology,Chemistry Lab,Disease Detectives,Dynamic Planet,Electric Vehicle,Experimental Design,Forensics,Fossils,Game On,Geologic Mapping,Green Generation,Hydrogeology,Invasive Species,It's About Time,Protein Modeling,Robot Arm,Wind Power,Wright Stuff,Write It Do It,
2015,Air Trajectory,Anatomy and Physiology,Astronomy,Bridge Building,Bungee Drop,Cell Biology,Chemistry Lab,Compound Machines,Disease Detectives,Dynamic Planet,Entomology,Experimental Design,Forensics,Fossils,Geologic Mapping,Green Generation,It's About Time,Mission Possible,Protein Modeling,Scrambler,Technical Problem Solving,Wright Stuff,Write It Do It,
2014,Anatomy and Physiology,Astronomy,Boomilever,Bungee Drop,Chemistry Lab,Circuit Lab,Compound Machines,Designer Genes,Disease Detectives,Dynamic Planet,Elastic Launched Glider,Entomology,Experimental Design,Forensics,Geologic Mapping,MagLev,Materials Science,Mission Possible,Rocks and Minerals,Scrambler,Technical Problem Solving,Water Quality,Write It Do It,
2013,Anatomy and Physiology,Astronomy,Boomilever,Chemistry Lab,Circuit Lab,Designer Genes,Disease Detectives,Dynamic Planet,Elastic Launched Glider,Experimental Design,Fermi Questions,Forensics,Forestry,Gravity Vehicle,MagLev,Materials Science,Remote Sensing,Robot Arm,Rocks and Minerals,Technical Problem Solving,Thermodynamics,Water Quality,Write It Do It,
2012,Anatomy and Physiology,Astronomy,Chemistry Lab,Disease Detectives,Dynamic Planet,Experimental Design,Fermi Questions,Forensics,Forestry,Gravity Vehicle,Helicopters,Microbe Mission,Optics,Protein Modeling,Remote Sensing,Robot Arm,Rocks and Minerals,Sounds of Music,Technical Problem Solving,Thermodynamics,Towers,Water Quality,Write It Do It,
2011,Anatomy and Physiology,Astronomy,Chemistry Lab,Disease Detectives,Dynamic Planet,Ecology,Experimental Design,Forensics,Fossils,Helicopters,Microbe Mission,Mission Possible,Mousetrap Vehicle,Optics,Ornithology,Protein Modeling,Remote Sensing,Sounds of Music,Sumo Bots,Technical Problem Solving,Towers,Wind Power,Write It Do It,
2010,Anatomy and Physiology,Astronomy,Cell Biology,Chemistry Lab,Disease Detectives,Dynamic Planet,Ecology,Egg-O-Naut,Elevated Bridge,Environmental Chemistry,Experimental Design,Forensics,Fossils,It's About Time,Mission Possible,Mousetrap Vehicle,Ornithology,Physics Lab,Picture This,Remote Sensing,Technical Problem Solving,Trajectory,Write It Do It,
2009,Astronomy,Cell Biology,Chemistry Lab,Disease Detectives,Dynamic Planet,Ecology,Egg-O-Naut,Electric Vehicle,Elevated Bridge,Environmental Chemistry,Experimental Design,Forensics,Fossils,Health Science,Herpetology,It's About Time,Junkyard Challenge,Physics Lab,Picture This,Remote Sensing,Technical Problem Solving,Trajectory,Write It Do It,
2008,Astronomy,Boomilever,Cell Biology,Chemistry Lab,Circuit Lab,Disease Detectives,Ecology,Electric Vehicle,Experimental Design,Fermi Questions,Five Star Science,Food Science,Forensics,Health Science,Herpetology,Oceanography,Physics Lab,Remote Sensing,Robot Ramble,Rocks and Minerals,Sounds of Music,Wright Stuff,Write It Do It,
2007,Astronomy,Boomilever,Chemistry Lab,Circuit Lab,Designer Genes,Disease Detectives,Ecology,Entomology,Experimental Design,Fermi Questions,Five Star Science,Food Science,Forensics,Health Science,Oceanography,Physics Lab,Remote Sensing,Robot Ramble,Rocks and Minerals,Scrambler,Sounds of Music,Wright Stuff,Write It Do It,
2006,Astronomy,Chemistry Lab,Circuit Lab,Compute This,Designer Genes,Disease Detectives,Don't Bug Me,Dynamic Planet,Ecology,Fermi Questions,Food Science,Forensics,Health Science,Physics Lab,Practical Data Solving,Remote Sensing,Robot Ramble,Rocks and Minerals,Scrambler,Storm The Castle,Tower Building,Wright Stuff,Write It Do It,
2005,Astronomy,Bottle Rocket,Cell Biology,Chemical ID,Chemistry Lab,Compute This,Designer Genes,Disease Detectives,Dynamic Planet,Experimental Design,Fermi Questions,Forensics,Forestry,Fossils,Health Science,Mission Possible,Physics Lab,Practical Data Gathering,Remote Sensing,Robot Ramble,Storm the Castle,Tower Building,Wright Stuff,
2004,Astronomy,Bottle Rocket,Cell Biology,Chemistry Lab,Designer Genes,Disease Detectives,Dynamic Planet,Experimental Design,Forestry,Fossils,Mission Possible,Physics Lab,Polymer Detective,Practical Data Gathering,Qualitative Analysis,Remote Sensing,Robot Ramble,Science of Fitness,Sounds of Music,Storm the Castle,Tower Building,Wright Stuff,Write It Do It,
2003,Boomilever,Bottle Rocket,Cell Biology,Chemistry Lab,Compute This,Designer Genes,Disease Detectives,Dynamic Planet,Experimental Design,Feathered Frenzy,Fossils,Mission Possible,Physics Lab,Polymer Detective,Practical Data Gathering,Qualitative Analysis,Reach for the Stars,Remote Sensing,Robot Ramble,Science of Fitness,Sounds of Music,Wright Stuff,Write It Do It,
2002,Boomilever,Cell Biology,Chemistry Lab,Cow-a-Bungee,Disease Detectives,Dynamic Planet,Experimental Design,Feathered Frenzy,From a Distance,Mission Possible,Physics Lab,Polymer Detective,Practical Data Gathering,Qualitative Analysis,Reach for the Stars,Robot Ramble,Rocks and Minerals,Science of Fitness,Scrambler,Sounds of Music,Water Quality,Wright Stuff,Write It Do It,
2001,Amphibians and Reptiles,Boomilever,Bottle Rocket,Cell Biology,Chemistry Lab,Cow-a-Bungee,Disease Detectives,Dynamic Planet,Experimental Design,Mission Possible,Physics Lab,Practical Data Gathering,Qualitative Analysis,Reach for the Stars,Road Scholar,Rocks and Minerals,Science Clue,Science of Fitness,Scrambler,Using the Web,Water Quality,Wright Stuff,Write It Do It,
2000,Amphibians and Reptiles,Bio-Process Lab,Bottle Rocket,Can't Judge a Powder,Cell Biology,Chemistry Lab,Cow-A-Bungee,Disease Detectives,Dynamic Planet,Experimental Design,Mission Possible,Physics Lab,Practical Data Gathering,Qualitative Analysis,Reach for the Stars,Road Scholar,Rocks and Minerals,Science Clue,Scrambler,Tower Building,Water Quality,Wright Stuff,Write It Do It,
1999,Bio-Process Lab,Bottle Rocket,Bungee Egg Drop,Can't Judge a Powder,Cell Biology,Chemistry Lab,Don't Bug Me,"Earth, Sea, and Sky",Experimental Design,Mission Possible,Nature Quest,Physics Lab,Polymer Detective,Practical Data Gathering,Reach for the Stars,Redesigned Genes,Road Scholar,Science Clue,Scrambler,Surfing the Net,Tower Building,Water Quality,Write It Do It,
1998,Bio-Process Lab,Bottle Rocket,Bungee Egg Drop,Can't Judge a Powder,Cell Biology,Chemistry Clue,Chemistry Lab,Don't Bug Me,"Earth, Sea, and Sky",Experimental Design,Mission Possible,Nature Quest,Pentathlon,Physics Lab,Polymer Detective,Redesigned Genes,Road Scholar,Scrambler,Surfing the Net,Tower Building,Water Quality,What Are You Trying To Tell Me,Write It Do It,
1997,Bio-Process Lab,Bottle Rocket,Cell Biology,Chemistry Lab,Designer Genes,Earth Science Lab,Experimental Design,It's About Time,Metric Mastery,Mission Possible,Nature Quest,Periodic Table Quiz,Physics Lab,Qualitative Analysis,Road Scholar,"Rocks, Minerals, and Fossils",Science of Fitness,Scrambler,Tower Building,Tree-mendous,Water Quality,What Are You Trying To Tell Me,Write It Do It,
1996,Bio-Process Lab,Bottle Rocket,Cell Biology,Chemistry Lab,Designer Genes,Earth Science Lab,Experimental Design,It's About Time,Metric Mastery,Mission Possible,Nature Quest,Periodic Table Quiz,Physics Lab,Qualitative Analysis,Road Scholar,"Rocks, Minerals, and Fossils",Science of Fitness,Scrambler,Tower Building,Tree-mendous,Water Quality,What Are You Trying To Tell Me,Write It Do It,
1995,Amphibians and Reptiles,Bio-Process Lab,Cell Biology,Chemistry Lab,Circuit Lab,Designer Genes,Earth Science Processes,Experimental Design,It's About Time,Metric Mastery,Mission Possible,Nature Quest,Periodic Table Quiz,Physics Lab,Qualitative Analysis,Road Scholar,"Rocks, Minerals, and Fossils",Science of Fitness,Scrambler,Tower Building,Water Quality,What Are You Trying To Tell Me,Write It Do It,
1994,Amphibians and Reptiles,Balancing Equations,Bio-Process Lab,Bridge Building,Cell Biology,Chemistry Lab,Circuit Lab,Designer Genes,Earth Science Processes,It's About Time,Metric Mastery,Name That Organism,Nature Quest,Pentathlon,Physics Lab,Qualitative Analysis,Road Scholar,Rocks and Fossils,Rube Goldberg Machine,Scrambler,Water Quality,What Are You Trying To Tell Me,Write It Do It,
1993,A is for Anatomy,Balancing Equations,Bio-Process Lab,Bridge Building,Cell Biology,Chemistry Lab,Circuit Lab,Computer Programming,Designer Genes,Don't Bug Me,Get Your Bearing,It's About Time,Measurement,Metric Estimation,Pentathlon,Physics Lab,Qualitative Analysis,Road Rally,Rocks and Fossils,Science Bowl,Scrambler,Sounds of Music,Write It Do It,
1992,A is for Anatomy,Balancing Equations,Bio-Process Lab,Bridge Building,Cell Biology,Chemistry Lab,Circuit Lab,Computer Programming,Designer Genes,Don't Bug Me,Get Your Bearing,It's About Time,Measurement,Metric Estimation,Pentathlon,Physics Lab,Qualitative Analysis,Road Rally,Rocks and Fossils,Science Bowl,Scrambler,Sounds of Music,Write It Do It,
1991,A is for Anatomy,Balancing Equations,Bio-Process Lab,Bridge Building,Chemistry Lab,Circuit Lab,Computer Programming,Designer Genes,Don't Bug Me,Get Your Bearing,Measurement,Metric Estimation,Pentathlon,Physics Lab,Qualitative Analysis,Road Rally,Rocks and Fossils,Science Bowl,Scrambler,Sounds of Music,Tic Toc,Water Quality,Write It Do It,
1990,A is for Anatomy,Bio-Process Lab,Bridge Building,Chemistry Lab,Circuit Lab,Computer Programming,Designer Genes,Get Your Bearing,Measurement,Metric Estimation,Pentathlon,Periodic Table Quiz,Physics Lab,Qualitative Analysis,Rocks and Fossils,Science Bowl,Scrambler,Sounds of Music,Tic Toc,Topographic Map Reading,Tree Identification,"Water, Water Everywhere",Write It Do It,
1989,A is for Anatomy,Balloon Race,Bio-Process Lab,Bridge Building,Chemistry Lab,Circuit Lab,Computer Programming,Designer Genes,Egg Drop,Get Your Bearing,Measurement,Metric Estimation,Mousetrap Vehicle,Pentathlon,Periodic Table Quiz,Picture This,Qualitative Analysis,Rocks and Fossils,Science Bowl,Sounds of Music,Topographic Map Reading,Tree Identification,"Water, Water Everywhere",
1988,A is for Anatomy,Bio-Process Lab,Bridge Building,Calorimeter,Chemistry Lab,Circuit Lab,Computer Programming,Designer Genes,Laser Shoot,Measurement,Metric Estimation,Mousetrap Vehicle,Orienteering,Paper Airplane,Periodic Table Quiz,Physics Lab,Qualitative Analysis,Rocks and Fossils,Science Bowl,Sounds of Music,Titration Race,Topographic Map Reading,Tree Identification,"Water, Water Everywhere"
1987,Anatomy and Physiology,Bio-Process Lab,Bridge Building,Chemistry Lab,Circuit Lab,Computer Programming,Designer Genes,Energy Contest,Laser Shoot,Measurement,Metric Estimation,Name That Organism,Orienteering,Paper Airplane,Periodic Table Quiz,Physics Lab,Qualitative Analysis,Rocks to Riches,Science Bowl,Sounds of Music,Titration Race,Topographic Map Reading,Tree Identification,"Water, Water Everywhere"
1986,Anatomy and Physiology,Astronomy,Bio-Process Lab,Bridge Building,Circuit Lab,Computer Programming,Energy Contest,Fermi Questions,Kite Flying,Laser Shoot,Metric Estimation,Name That Organism,Orienteering,Password,Periodic Table Quiz,Physics Lab,Qualitative Analysis,Rocks to Riches,Science Bowl,Titration Race,Topographic Map Reading,Trajectory,"Up, Up, and Away",
1985,Anatomy and Physiology,Astronomy,Bio-Process Lab,Bridge Building,Circuit Lab,Computer Programming,Energy Contest,Facts in Five,Fermi Questions,Kite Flying,Map Reading,Metric Estimation,Name That Artifact,Name That Organism,Orienteering,Password,Periodic Table Quiz,Qualitative Analysis,Rocks to Riches,Science Bowl,Solar Heating Contest,Trajectory,"Up, Up, and Away",
1984,Anatomy and Physiology,Astronomy,Bio-Process Lab,Bridge Building,Computer Programming,Fermi Questions,Map Reading,Metric Estimation,Name That Artifact,Name That Organism,Orienteering,Password,Periodic Table Quiz,Qualitative Analysis,Rocks to Riches,Science Bowl,Seven Up,Solar Collector,Trajectory Contest,"Up, Up, and Away",,,,